대학,연도,카테고리,원래전형,개명후전형,학과,모집,경쟁률,등급50,등급70
가톨릭관동대,2025,교과,교과(지균),교과(지역인재),간호학과,3,2,3.72,3.72
가톨릭관동대,2025,교과,교과(지역),교과(지역인재),간호학과,23,6.5,3.32,3.43
가톨릭관동대,2025,교과,교과(지균),교과(지역인재),의예과,3,2.3,,
가톨릭관동대,2025,교과,교과(지역),교과(지역인재),의예과,37,10.2,1.64,1.71
경성대,2024,종합,종합(지역Ⅱ),종합(학교생활),건축학과,3,4,,6.47
경성대,2024,종합,종합(학교생활),종합(학교생활),건축학과,7,8.43,,4.93
경성대,2024,종합,종합(지역Ⅱ),종합(학교생활),경영학과,9,4.67,,5.75
경성대,2024,종합,종합(학교생활),종합(학교생활),경영학과,17,7.12,,4.77
경성대,2024,종합,종합(지역Ⅱ),종합(학교생활),경찰행정학과,5,7.4,,5.14
경성대,2024,종합,종합(학교생활),종합(학교생활),경찰행정학과,9,12.11,,4.68
경성대,2024,종합,종합(지역Ⅱ),종합(학교생활),광고홍보학과,5,5,,5.13
경성대,2024,종합,종합(학교생활),종합(학교생활),광고홍보학과,8,9.88,,5.03
경성대,2024,종합,종합(지역Ⅱ),종합(학교생활),국제무역통상학과,5,5.2,,6.38
경성대,2024,종합,종합(학교생활),종합(학교생활),국제무역통상학과,9,5.11,,6.23
경성대,2024,종합,종합(지역Ⅱ),종합(학교생활),글로컬문화학부,8,2.63,,6.17
경성대,2024,종합,종합(학교생활),종합(학교생활),글로컬문화학부,15,3.2,,6.52
경성대,2024,종합,종합(지역Ⅱ),종합(학교생활),동물보건생명과학과,3,3.67,,6.46
경성대,2024,종합,종합(학교생활),종합(학교생활),동물보건생명과학과,6,9.17,,5.71
경성대,2024,종합,종합(지역Ⅱ),종합(학교생활),문헌정보학과,5,3.8,,4.58
경성대,2024,종합,종합(학교생활),종합(학교생활),문헌정보학과,9,4.89,,4.53
경성대,2024,종합,종합(지역Ⅱ),종합(학교생활),물리치료학과,5,18.8,,4.19
경성대,2024,종합,종합(학교생활),종합(학교생활),물리치료학과,6,27.17,,4.07
경성대,2024,종합,종합(지역Ⅱ),종합(학교생활),미디어커뮤니케이션학과,4,5,,5.35
경성대,2024,종합,종합(학교생활),종합(학교생활),미디어커뮤니케이션학과,8,8.63,,4.58
경성대,2024,종합,종합(지역Ⅱ),종합(학교생활),미디어콘텐츠학과,3,7,,3.11
경성대,2024,종합,종합(학교생활),종합(학교생활),미디어콘텐츠학과,5,13,,5.33
경성대,2024,종합,종합(지역Ⅱ),종합(학교생활),법학과,4,3.25,,5.59
경성대,2024,종합,종합(학교생활),종합(학교생활),법학과,8,3.25,,5.73
경성대,2024,종합,종합(지역Ⅱ),종합(학교생활),사회복지학과,5,6.4,,5.26
경성대,2024,종합,종합(학교생활),종합(학교생활),사회복지학과,11,11.82,,5.53
경성대,2024,종합,종합(지역Ⅱ),종합(학교생활),소프트웨어학과,4,3,,2.67
경성대,2024,종합,종합(학교생활),종합(학교생활),소프트웨어학과,8,3.25,,5.79
경성대,2024,종합,종합(지역Ⅱ),종합(학교생활),스마트바이오학과,3,2,,7.43
경성대,2024,종합,종합(학교생활),종합(학교생활),스마트바이오학과,6,3.67,,6.7
경성대,2024,종합,종합(지역Ⅱ),종합(학교생활),실내건축학과,3,4.67,,5.69
경성대,2024,종합,종합(학교생활),종합(학교생활),실내건축학과,6,6.5,,5
경성대,2024,종합,종합(지역Ⅱ),종합(학교생활),심리학과,5,7,,5.24
경성대,2024,종합,종합(학교생활),종합(학교생활),심리학과,7,11.57,,5.27
경성대,2024,종합,종합(지역Ⅱ),종합(학교생활),영상애니메이션학부,5,6,,4.67
경성대,2024,종합,종합(학교생활),종합(학교생활),영상애니메이션학부,5,8,,4.71
경성대,2024,종합,종합(지역Ⅱ),종합(학교생활),외식서비스경영학전공,3,5.67,,5.46
경성대,2024,종합,종합(학교생활),종합(학교생활),외식서비스경영학전공,5,11.6,,5.76
경성대,2024,종합,종합(지역Ⅱ),종합(학교생활),유아교육과,3,6.67,,4.56
경성대,2024,종합,종합(학교생활),종합(학교생활),유아교육과,5,13.6,,4.32
경성대,2024,종합,종합(지역Ⅱ),종합(학교생활),인문문화학부,9,2.22,,6.35
경성대,2024,종합,종합(학교생활),종합(학교생활),인문문화학부,15,3.4,,5.79
경성대,2024,종합,종합(지역Ⅱ),종합(학교생활),제약공학과,3,2,,4.84
경성대,2024,종합,종합(학교생활),종합(학교생활),제약공학과,6,4.67,,6.7
경성대,2024,종합,종합(지역Ⅱ),종합(학교생활),컴퓨터공학과,4,4.25,,5.52
경성대,2024,종합,종합(학교생활),종합(학교생활),컴퓨터공학과,8,8.88,,5.8
경성대,2024,종합,종합(지역Ⅱ),종합(학교생활),패션디자인학과,5,6.2,,5.87
경성대,2024,종합,종합(학교생활),종합(학교생활),패션디자인학과,9,8.33,,5.1
경성대,2024,종합,종합(지역Ⅱ),종합(학교생활),호텔관광경영학전공,3,4.33,,5.7
경성대,2024,종합,종합(학교생활),종합(학교생활),호텔관광경영학전공,5,10.2,,6.03
경성대,2024,종합,종합(지역Ⅱ),종합(학교생활),화장품학과,3,3.33,,5.64
경성대,2024,종합,종합(학교생활),종합(학교생활),화장품학과,6,5.33,,4.08
경성대,2024,종합,종합(지역Ⅱ),종합(학교생활),회계학과,5,3,,4.9
경성대,2024,종합,종합(학교생활),종합(학교생활),회계학과,9,3,,5.15
경성대,2025,종합,종합(지역Ⅱ),종합(학교생활),건축학과,3,6.33,5.75,5.79
경성대,2025,종합,종합(학교생활),종합(학교생활),건축학과,6,7.67,5.41,5.45
경성대,2025,종합,종합(지역Ⅱ),종합(학교생활),경영학과,9,6.89,5.42,5.63
경성대,2025,종합,종합(학교생활),종합(학교생활),경영학과,17,5.06,4.82,5.8
경성대,2025,종합,종합(지역Ⅱ),종합(학교생활),경찰행정학과,5,12,4.89,5.06
경성대,2025,종합,종합(학교생활),종합(학교생활),경찰행정학과,9,10.33,5.11,5.23
경성대,2025,종합,종합(지역Ⅱ),종합(학교생활),광고홍보학과,5,5.8,5.2,5.48
경성대,2025,종합,종합(학교생활),종합(학교생활),광고홍보학과,10,6.2,5.18,5.38
경성대,2025,종합,종합(지역Ⅱ),종합(학교생활),국제무역통상학과,5,5.2,5.25,5.25
경성대,2025,종합,종합(학교생활),종합(학교생활),국제무역통상학과,9,4.78,6,6.31
경성대,2025,종합,종합(지역Ⅱ),종합(학교생활),글로컬문화학부,8,3.88,5.72,6
경성대,2025,종합,종합(학교생활),종합(학교생활),글로컬문화학부,15,3.2,6.47,6.64
경성대,2025,종합,종합(지역Ⅱ),종합(학교생활),동물보건생명과학과,2,12.5,5.62,5.62
경성대,2025,종합,종합(학교생활),종합(학교생활),동물보건생명과학과,5,11.8,5.03,5.47
경성대,2025,종합,종합(지역Ⅱ),종합(학교생활),문헌정보학과,5,3,3.92,4.44
경성대,2025,종합,종합(학교생활),종합(학교생활),문헌정보학과,9,3.78,4.74,5.12
경성대,2025,종합,종합(지역Ⅱ),종합(학교생활),물리치료학과,5,17.2,4.41,4.41
경성대,2025,종합,종합(학교생활),종합(학교생활),물리치료학과,6,12.5,4.13,4.16
경성대,2025,종합,종합(지역Ⅱ),종합(학교생활),미디어커뮤니케이션학과,4,12.5,4.47,4.47
경성대,2025,종합,종합(학교생활),종합(학교생활),미디어커뮤니케이션학과,8,10.75,4.38,4.41
경성대,2025,종합,종합(지역Ⅱ),종합(학교생활),미디어콘텐츠학과,3,5.33,3.06,3.83
경성대,2025,종합,종합(학교생활),종합(학교생활),미디어콘텐츠학과,7,7.57,3.76,4.4
경성대,2025,종합,종합(지역Ⅱ),종합(학교생활),법학과,4,4.5,4.72,4.72
경성대,2025,종합,종합(학교생활),종합(학교생활),법학과,8,3.5,5.93,6.46
경성대,2025,종합,종합(지역Ⅱ),종합(학교생활),사회복지학과,6,7.5,5.24,5.31
경성대,2025,종합,종합(학교생활),종합(학교생활),사회복지학과,12,7.92,5.22,5.38
경성대,2025,종합,종합(지역Ⅱ),종합(학교생활),식품영양학과,4,4.75,5.94,5.94
경성대,2025,종합,종합(학교생활),종합(학교생활),식품영양학과,7,6.71,4.56,5.93
경성대,2025,종합,종합(지역Ⅱ),종합(학교생활),실내건축학과,3,8,4.71,5.53
경성대,2025,종합,종합(학교생활),종합(학교생활),실내건축학과,6,6.33,5.5,5.61
경성대,2025,종합,종합(지역Ⅱ),종합(학교생활),심리학과,5,5,5.19,5.35
경성대,2025,종합,종합(학교생활),종합(학교생활),심리학과,9,5.89,5.24,5.49
경성대,2025,종합,종합(지역Ⅱ),종합(학교생활),영상애니메이션학부,5,6.8,3.96,4.32
경성대,2025,종합,종합(학교생활),종합(학교생활),영상애니메이션학부,5,10,2.76,3.05
경성대,2025,종합,종합(지역Ⅱ),종합(학교생활),외식서비스경영학전공,3,5.67,3.38,3.58
경성대,2025,종합,종합(학교생활),종합(학교생활),외식서비스경영학전공,6,5.83,6.13,6.33
경성대,2025,종합,종합(지역Ⅱ),종합(학교생활),유아교육과,3,6,4.59,4.69
경성대,2025,종합,종합(학교생활),종합(학교생활),유아교육과,5,7.6,4.31,4.52
경성대,2025,종합,종합(지역Ⅱ),종합(학교생활),인문문화학부,9,3.67,5.16,5.41
경성대,2025,종합,종합(학교생활),종합(학교생활),인문문화학부,15,3.47,5.77,5.95
경성대,2025,종합,종합(지역Ⅱ),종합(학교생활),컴퓨터공학과,4,7.25,5.08,5.08
경성대,2025,종합,종합(학교생활),종합(학교생활),컴퓨터공학과,8,7.5,5.7,5.97
경성대,2025,종합,종합(지역Ⅱ),종합(학교생활),패션디자인학과,5,6,5.47,5.71
경성대,2025,종합,종합(학교생활),종합(학교생활),패션디자인학과,10,7.2,5.56,5.71
경성대,2025,종합,종합(지역Ⅱ),종합(학교생활),호텔관광경영학전공,3,7.67,3.15,3.25
경성대,2025,종합,종합(학교생활),종합(학교생활),호텔관광경영학전공,6,9.33,3.6,3.67
경성대,2025,종합,종합(지역Ⅱ),종합(학교생활),화장품학과,3,3.67,5.24,5.97
경성대,2025,종합,종합(학교생활),종합(학교생활),화장품학과,6,3.5,5.32,5.34
경성대,2025,종합,종합(지역Ⅱ),종합(학교생활),회계학과,5,3.8,3.8,3.96
경성대,2025,종합,종합(학교생활),종합(학교생활),회계학과,9,3.22,4.73,5.6
경일대,2026,종합,교과(계약학과),교과(계약학과),방위산업시스템학과,10,,,
경일대,2026,종합,교과(계약학과),교과(계약학과),방위산업시스템학과,15,,,
경일대,2026,종합,교과(계약학과),교과(계약학과),스마트전력인프라학과,12,,,
경일대,2026,종합,교과(계약학과),교과(계약학과),스마트전력인프라학과,13,,,
경일대,2026,종합,교과(계약학과),교과(계약학과),스마트팩토리융합학과,16,,,
경일대,2026,종합,교과(계약학과),교과(계약학과),스마트팩토리융합학과,19,,,
경일대,2026,종합,교과(계약학과),교과(계약학과),스마트푸드테크학과,12,,,
경일대,2026,종합,교과(계약학과),교과(계약학과),스마트푸드테크학과,18,,,
경일대,2026,종합,교과(계약학과),교과(계약학과),에너지솔루션학과,10,,,
경일대,2026,종합,교과(계약학과),교과(계약학과),에너지솔루션학과,15,,,
국립순천대,2022,교과,교과(일반),교과(일반전형),간호학과,12,15.166666666666666,3.4,3.76
국립순천대,2022,교과,교과(전국인재),교과(일반전형),간호학과,17,12.058823529411764,3.13,3.19
국립순천대,2022,교과,교과(일반),교과(일반전형),건축학부,3,12.333333333333334,3.73,4.14
국립순천대,2022,교과,교과(전국인재),교과(일반전형),건축학부,5,4.2,5.31,6.08
국립순천대,2022,교과,교과(일반),교과(일반전형),경영학과,6,10.166666666666666,4.35,4.82
국립순천대,2022,교과,교과(전국인재),교과(일반전형),경영학과,7,6.714285714285714,4.39,4.65
국립순천대,2022,교과,교과(일반),교과(일반전형),경제무역학부,10,3.2,5.27,5.69
국립순천대,2022,교과,교과(전국인재),교과(일반전형),경제무역학부,16,4.25,5.41,5.67
국립순천대,2022,교과,교과(일반),교과(일반전형),공공인재학부,14,2.857142857142857,4.53,4.86
국립순천대,2022,교과,교과(전국인재),교과(일반전형),공공인재학부,8,5,4.45,4.77
국립순천대,2022,교과,교과(일반),교과(일반전형),국어교육과,3,5,2.99,3.28
국립순천대,2022,교과,교과(전국인재),교과(일반전형),국어교육과,7,3.5714285714285716,3.07,3.99
국립순천대,2022,교과,교과(일반),교과(일반전형),기계우주항공공학부,10,2.9,5.41,5.65
국립순천대,2022,교과,교과(전국인재),교과(일반전형),기계우주항공공학부,21,2.9523809523809526,5.04,5.34
국립순천대,2022,교과,교과(일반),교과(일반전형),농생명과학과,10,5.7,5.11,6.15
국립순천대,2022,교과,교과(전국인재),교과(일반전형),농생명과학과,18,3.9444444444444446,5.48,5.87
국립순천대,2022,교과,교과(일반),교과(일반전형),농업경제학과,3,5,5.19,5.37
국립순천대,2022,교과,교과(전국인재),교과(일반전형),농업경제학과,5,3,5.23,5.42
국립순천대,2022,교과,교과(일반),교과(일반전형),농업교육과,2,6.5,3.98,4.08
국립순천대,2022,교과,교과(전국인재),교과(일반전형),농업교육과,3,6.333333333333333,1.63,1.79
국립순천대,2022,교과,교과(일반),교과(일반전형),동물자원과학과,3,11.333333333333334,3.66,4.09
국립순천대,2022,교과,교과(전국인재),교과(일반전형),동물자원과학과,6,6.5,4.87,5.6
국립순천대,2022,교과,교과(일반),교과(일반전형),문예창작학과,5,6.2,5.53,5.86
국립순천대,2022,교과,교과(전국인재),교과(일반전형),문예창작학과,9,4.888888888888889,5.07,5.39
국립순천대,2022,교과,교과(일반),교과(일반전형),물류학과,4,3,4.04,5.42
국립순천대,2022,교과,교과(전국인재),교과(일반전형),물류학과,6,3,5.61,5.75
국립순천대,2022,교과,교과(일반),교과(일반전형),바이오한약자원학과,5,3.6,6.44,6.49
국립순천대,2022,교과,교과(전국인재),교과(일반전형),바이오한약자원학과,6,2.8333333333333335,,
국립순천대,2022,교과,교과(일반),교과(일반전형),사학과,4,3.25,5.6,5.91
국립순천대,2022,교과,교과(전국인재),교과(일반전형),사학과,3,3.6666666666666665,,
국립순천대,2022,교과,교과(일반),교과(일반전형),사회교육과,2,6.5,2.74,2.84
국립순천대,2022,교과,교과(전국인재),교과(일반전형),사회교육과,5,5.8,2.81,3.06
국립순천대,2022,교과,교과(일반),교과(일반전형),사회복지학과,5,13.8,4.26,4.43
국립순천대,2022,교과,교과(전국인재),교과(일반전형),사회복지학과,10,7.1,4.17,4.31
국립순천대,2022,교과,교과(일반),교과(일반전형),산림자원.조경학부,10,7,4.85,5.54
국립순천대,2022,교과,교과(전국인재),교과(일반전형),산림자원.조경학부,13,4.769230769230769,5.27,5.7
국립순천대,2022,교과,교과(일반),교과(일반전형),생물학과,3,3,5.69,6.32
국립순천대,2022,교과,교과(전국인재),교과(일반전형),생물학과,6,2.3333333333333335,,
국립순천대,2022,교과,교과(일반),교과(일반전형),수학교육과,2,5,3.05,3.44
국립순천대,2022,교과,교과(전국인재),교과(일반전형),수학교육과,6,4.666666666666667,2.75,3.11
국립순천대,2022,교과,교과(일반),교과(일반전형),식품공학과,26,2.1923076923076925,4.58,4.89
국립순천대,2022,교과,교과(전국인재),교과(일반전형),식품공학과,3,4,4.49,5.31
국립순천대,2022,교과,교과(일반),교과(일반전형),식품영양학과,6,7.666666666666667,5.64,5.72
국립순천대,2022,교과,교과(전국인재),교과(일반전형),식품영양학과,5,5.4,4.63,4.84
국립순천대,2022,교과,교과(일반),교과(일반전형),신소재공학과,4,3,4.9,5.17
국립순천대,2022,교과,교과(전국인재),교과(일반전형),신소재공학과,5,3.2,,
국립순천대,2022,교과,교과(일반),교과(일반전형),영상디자인학과,4,11.25,3.99,4.71
국립순천대,2022,교과,교과(전국인재),교과(일반전형),영상디자인학과,2,9.5,4.6,4.71
국립순천대,2022,교과,교과(일반),교과(일반전형),영어교육과,3,6,3.18,3.49
국립순천대,2022,교과,교과(전국인재),교과(일반전형),영어교육과,4,7.25,2.83,3.3
국립순천대,2022,교과,교과(일반),교과(일반전형),원예학과,3,7.666666666666667,3.67,4.19
국립순천대,2022,교과,교과(전국인재),교과(일반전형),원예학과,7,4.428571428571429,5.19,5.55
국립순천대,2022,교과,교과(일반),교과(일반전형),융합바이오시스템기계공학과,7,2.142857142857143,5.49,6.2
국립순천대,2022,교과,교과(전국인재),교과(일반전형),융합바이오시스템기계공학과,7,2.4285714285714284,6.06,6.29
국립순천대,2022,교과,교과(일반),교과(일반전형),인공지능공학부,10,3,6.54,8.13
국립순천대,2022,교과,교과(전국인재),교과(일반전형),인공지능공학부,19,2.3157894736842106,5.65,6.08
국립순천대,2022,교과,교과(일반),교과(일반전형),일본어일본문화학과,4,5.5,4.46,5.15
국립순천대,2022,교과,교과(전국인재),교과(일반전형),일본어일본문화학과,9,2.7777777777777777,5.96,6.29
국립순천대,2022,교과,교과(일반),교과(일반전형),자유전공학부,9,5.777777777777778,5.58,5.85
국립순천대,2022,교과,교과(전국인재),교과(일반전형),자유전공학부,13,7.076923076923077,5.31,5.42
국립순천대,2022,교과,교과(일반),교과(일반전형),전기공학과,6,6.333333333333333,4.01,4.2
국립순천대,2022,교과,교과(전국인재),교과(일반전형),전기공학과,8,3.875,4.79,4.9
국립순천대,2022,교과,교과(일반),교과(일반전형),전자공학과,3,3.3333333333333335,5.39,5.55
국립순천대,2022,교과,교과(전국인재),교과(일반전형),전자공학과,5,3,5.02,5.19
국립순천대,2022,교과,교과(일반),교과(일반전형),조리과학과,3,7.666666666666667,6.36,6.39
국립순천대,2022,교과,교과(전국인재),교과(일반전형),조리과학과,12,3,5.23,5.57
국립순천대,2022,교과,교과(일반),교과(일반전형),철학과,5,3,6.22,6.39
국립순천대,2022,교과,교과(전국인재),교과(일반전형),철학과,4,4.5,5.45,5.82
국립순천대,2022,교과,교과(일반),교과(일반전형),첨단신소재공학과,8,2.125,6.29,7.39
국립순천대,2022,교과,교과(전국인재),교과(일반전형),첨단신소재공학과,12,2.25,6.42,6.53
국립순천대,2022,교과,교과(일반),교과(일반전형),컴퓨터공학과,6,8.5,4.16,4.65
국립순천대,2022,교과,교과(전국인재),교과(일반전형),컴퓨터공학과,6,7.166666666666667,4.47,4.55
국립순천대,2022,교과,교과(일반),교과(일반전형),컴퓨터교육과,4,7.25,4.69,4.87
국립순천대,2022,교과,교과(전국인재),교과(일반전형),컴퓨터교육과,3,5.333333333333333,4.02,4.17
국립순천대,2022,교과,교과(일반),교과(일반전형),토목공학과,3,6,4.74,5.35
국립순천대,2022,교과,교과(전국인재),교과(일반전형),토목공학과,6,6,4.41,4.7
국립순천대,2022,교과,교과(일반),교과(일반전형),패션디자인학과,3,6.333333333333333,4.21,4.86
국립순천대,2022,교과,교과(전국인재),교과(일반전형),패션디자인학과,7,6.857142857142857,4.7,5.11
국립순천대,2022,교과,교과(일반),교과(일반전형),화학공학과,12,2.5833333333333335,5.87,5.94
국립순천대,2022,교과,교과(전국인재),교과(일반전형),화학공학과,17,2.3529411764705883,5.64,6.02
국립순천대,2022,교과,교과(일반),교과(일반전형),화학과,4,2.25,5.61,6.43
국립순천대,2022,교과,교과(전국인재),교과(일반전형),화학과,2,2,,
국립순천대,2022,교과,교과(일반),교과(일반전형),환경공학과,5,4,4.84,5.19
국립순천대,2022,교과,교과(전국인재),교과(일반전형),환경공학과,8,2.5,5.19,5.31
국립순천대,2022,교과,교과(일반),교과(일반전형),환경교육과,2,3.5,,
국립순천대,2022,교과,교과(전국인재),교과(일반전형),환경교육과,3,5,3.8,3.88
국립순천대,2022,교과,교과(일반),교과(일반전형),회계학과,5,4.8,3.83,4.6
국립순천대,2022,교과,교과(전국인재),교과(일반전형),회계학과,2,4,4.07,4.43
동국대(W),2026,교과,교과(불교추천),교과(불교추천),불교학전공,10,,2.8,2.8
동국대(W),2026,교과,교과(불교추천),교과(불교추천),불교학전공,5,,3.4,3.4
동덕여대,2026,교과,교과(학생부교과),교과(학생부교과),컴퓨터학전공,10,3.4,3.63,3.77
동덕여대,2026,교과,교과(학생부교과),교과(학생부교과),컴퓨터학전공,16,4,3.72,3.84
동덕여대,2026,종합,종합(동덕창의리더),종합(동덕창의리더),컴퓨터학전공,9,3.89,3.77,3.78
동덕여대,2026,종합,종합(동덕창의리더),종합(동덕창의리더),컴퓨터학전공,16,4.19,4.16,4.44
부산대,2026,교과,교과(지역인재),교과(지역인재),전기공학전공,5,6,2.05,2.1
부산대,2026,교과,교과(지역인재),교과(지역인재),전기공학전공,14,7.4,2.05,2.18
부산대,2026,교과,교과(학생부교과),교과(학생부교과),전기공학전공,16,5.9,1.9,1.98
부산대,2026,교과,교과(학생부교과),교과(학생부교과),전기공학전공,12,5.4,2.13,2.19
부산대,2026,종합,종합(학생부종합),종합(학생부종합),전기공학전공,6,7.8,1.86,1.94
부산대,2026,종합,종합(학생부종합),종합(학생부종합),전기공학전공,10,7,2.14,2.25
서울기독대,2026,교과,교과(리더십),교과(리더십),글로벌휴먼경영전공,1,,,
서울기독대,2026,교과,교과(학교장추천),교과(리더십),글로벌휴먼경영전공,1,,,
서울대,2026,종합,종합(일반전형),종합(일반전형),천문학전공,20,7.65,1.88,2.44
서울대,2026,종합,종합(일반전형),종합(일반전형),천문학전공,6,10.17,,
전남대,2026,교과,교과(지역인재),교과(지역인재),간호학과,2,5.5,,
전남대,2026,교과,교과(지역인재),교과(지역인재),간호학과,20,5.85,1.85,1.96
전남대,2026,교과,교과(지역인재),교과(지역인재),약학부,2,7,,
전남대,2026,교과,교과(지역인재),교과(지역인재),약학부,25,6.76,1.24,1.29
전남대,2026,교과,교과(지역인재),교과(지역인재),의학과,3,9,,
전남대,2026,교과,교과(지역인재),교과(지역인재),의학과,78,5.46,1.09,1.12
전남대,2026,교과,교과(지역인재),교과(지역인재),치의학과,1,11,,
전남대,2026,교과,교과(지역인재),교과(지역인재),치의학과,12,10.75,1.27,1.27
한일장신대,2026,교과,교과(일반학생),교과(일반학생),간호학과,0,,5,6
한일장신대,2026,교과,교과(지역인재),교과(일반학생),간호학과,0,,7,7
호남대,2026,교과,교과(일반학생B),교과(일반학생B),자유전공학부,80,2.54,4.1,6.8
호남대,2026,교과,교과(일반학생B),교과(일반학생B),자유전공학부,16,3.75,6.45,7.18
