대학,연도,카테고리,전형,학과,경쟁률,시간서식의심,복원하면
가야대,2024,교과,교과(일반전형),부동산금융재테크학과,0.54,,
가야대,2024,교과,교과(일반전형),사회복지상담학과,0.65,,
가야대,2026,교과,교과(일반전형),자유전공학부,0.64,,
가톨릭관동대,2023,종합,종합(가톨릭지도자),국어교육과,0.5,,
가톨릭관동대,2023,종합,종합(가톨릭지도자),수학교육과,0.5,,
가톨릭관동대,2023,종합,종합(가톨릭지도자),지리교육과,0.5,,
가톨릭관동대,2023,종합,종합(가톨릭지도자),컴퓨터교육과,0.5,,
가톨릭관동대,2023,종합,종합(가톨릭지도자),트리니티자유대학,0.4,,
가톨릭관동대,2023,종합,종합(일반전형),트리니티자유대학,0.6,,
가톨릭관동대,2024,교과,교과(강원인재),건축공학전공,0.6,,
가톨릭관동대,2024,교과,교과(강원인재),디지털헬스케어전공,0.5,,
가톨릭관동대,2024,교과,교과(강원인재),바이오메디컬전공,0.6,,
가톨릭관동대,2024,교과,교과(강원인재),항공교통물류전공,0.3,,
가톨릭관동대,2024,교과,교과(강원인재),행정학전공,0.8,,
가톨릭관동대,2024,교과,교과(일반전형),디지털헬스케어전공,0.4,,
가톨릭관동대,2024,교과,교과(일반전형),바이오메디컬전공,0.6,,
가톨릭관동대,2024,교과,교과(일반전형),의료경영학전공,0.7,,
가톨릭관동대,2024,교과,교과(일반전형),항공교통물류전공,0.9,,
가톨릭관동대,2024,교과,교과(일반전형),행정학전공,0.9,,
가톨릭관동대,2024,종합,종합(가톨릭지도자),경찰행정학전공,0.7,,
가톨릭관동대,2024,종합,종합(가톨릭지도자),사회복지학전공,0.7,,
가톨릭관동대,2024,종합,종합(일반전형),건축공학전공,0.2,,
가톨릭관동대,2024,종합,종합(일반전형),광고홍보학전공,0.3,,
가톨릭관동대,2024,종합,종합(일반전형),디지털헬스케어전공,0.3,,
가톨릭관동대,2024,종합,종합(일반전형),실용음악전공,0.5,,
가톨릭관동대,2024,종합,종합(일반전형),의료경영학전공,0.3,,
가톨릭관동대,2024,종합,종합(일반전형),조리외식경영학전공,0.8,,
가톨릭관동대,2024,종합,종합(일반전형),항공교통물류전공,0.7,,
가톨릭관동대,2024,종합,종합(일반전형),항공정비학전공,0.7,,
가톨릭관동대,2024,종합,종합(일반전형),호텔관광경영학전공,0.5,,
가톨릭관동대,2025,교과,교과(지역인재),CG디자인전공,0.6,,
가톨릭관동대,2025,교과,교과(지역인재),경영학전공,0.8,,
가톨릭관동대,2025,교과,교과(지역인재),의료경영학전공,0.8,,
가톨릭관동대,2025,교과,교과(지역인재),의생명과학전공,0.6,,
가톨릭관동대,2025,교과,교과(지역인재),항공교통물류전공,0.8,,
가톨릭관동대,2025,종합,종합(가톨릭지도자),사회복지학전공,0.7,,
가톨릭관동대,2025,종합,종합(가톨릭지도자),영어교육과,0.5,,
가톨릭관동대,2025,종합,종합(가톨릭지도자),자율전공학부,0.6,,
가톨릭관동대,2025,종합,종합(지역인재),사회복지학전공,0.7,,
가톨릭관동대,2026,교과,교과(지역인재),의생명과학전공,0.6,,
가톨릭관동대,2026,교과,교과(지역인재),항공교통물류전공,0.8,,
가톨릭관동대,2026,종합,종합(가톨릭지도자),트리니티자유대학,0.6,,
가톨릭대,2023,종합,종합(가톨릭지도자),신학과,0.8,,
가톨릭대,2024,종합,종합(잠재능력-면접),신학과,0.94,,
강원대,2023,교과,교과(지역교과),기계시스템공학부,0.83,,
강원대,2023,교과,교과(지역교과),신소재공학과,0.92,,
강원대,2023,교과,교과(지역교과),에너지자원화학공학과,0.92,,
경남대,2023,교과,교과(한마인재),재난안전건설학과,0.8,,
경남대,2024,교과,교과(일반면접),재난안전건설학과,0.8,,
경남대,2025,교과,교과(일반면접),디지털공연영상학과,0.8,,
경남대,2025,교과,교과(일반면접),소방안전공학과,0.75,,
경남대,2025,교과,교과(일반면접),인공지능학과,0.75,,
경남대,2025,교과,교과(일반면접),제약공학과,0.5,,
경남대,2025,교과,교과(일반면접),행정학과,0.75,,
경동대,2023,교과,교과(일반전형),국제학부,0.5,,
경상국립대,2023,교과,교과(일반전형),환경산림과학부,0.93,,
경운대,2024,교과,교과(교과전형),소프트웨어융합계열(야),0.5,,
경운대,2024,교과,교과(면접),소프트웨어융합계열(야),0.2,,
경운대,2024,교과,교과(면접),항공시스템계열,0.79,,
경운대,2026,교과,교과(교과1),G커리어대학(야),0.1,,
경운대,2026,종합,종합(지역인재),소프트웨어학부,0.7,,
경운대,2026,종합,종합(창의인재),소프트웨어학부,0.6,,
경일대,2023,교과,교과(면접전형),글로벌비즈니스학부,0.8,,
고신대,2024,교과,교과(일반고),기독교교육과,0.46,,
고신대,2024,교과,교과(일반고),자율전공학부,0.75,,
고신대,2024,종합,종합(자기추천),기독교교육과,0.9,,
고신대,2024,종합,종합(자기추천),자율전공학부,0.2,,
고신대,2024,종합,종합(학교생활),식품영양조리학부,0.7,,
고신대,2024,종합,종합(학교생활),아동복지학과,0.9,,
고신대,2024,종합,종합(학교생활),의료경영학부,0.6,,
광주대,2024,교과,교과(일반학생),한국어교육과,0.67,,
광주대,2024,교과,교과(지역학생),국방학과,0.71,,
광주대,2024,교과,교과(지역학생),무역유통학과,0.5,,
광주대,2024,교과,교과(지역학생),심리학과,0.86,,
광주대,2024,교과,교과(지역학생),언어치료학과,0.83,,
광주대,2025,교과,교과(지역2),도시・부동산학과,0.2,,
광주여대,2023,교과,교과(일반학생Ⅰ),국제학부,0.1,,
광주여대,2023,교과,교과(일반학생Ⅱ),AI미디어콘텐츠학과,0.8,,
국립강릉원주대,2023,종합,종합(미래인재서류),수학물리학부,0.6,,
국립강릉원주대,2023,종합,종합(미래인재서류),화학신소재학과,0.9,,
국립강릉원주대,2023,종합,종합(지역인재서류),화학신소재학과,0.75,,
국립강릉원주대,2024,종합,종합(지역인재서류),화학신소재학과,0.6,,
국립경국대,2025,종합,종합(바른인재),스마트센서공학전공,0.7,,
국립경국대,2025,종합,종합(바른인재),신소재에너지공학전공,0.5,,
국립경국대,2025,종합,종합(바른인재),환경공학전공,0.6,,
국립경국대,2026,종합,종합(바른인재),모빌리티디자인공학과,0.86,,
국립군산대,2025,교과,교과(지역인재Ⅰ),국제물류학과,0.8,,
국립군산대,2025,교과,교과(지역인재Ⅰ),무역학과,0.8,,
국립군산대,2025,교과,교과(지역인재Ⅰ),생명과학과,0.3,,
국립군산대,2025,교과,교과(지역인재Ⅰ),수학과,0.7,,
국립군산대,2025,교과,교과(지역인재Ⅰ),영어영문학과,0.8,,
국립군산대,2025,교과,교과(지역인재Ⅰ),첨단과학기술학부,0.8,,
국립목포대,2026,교과,교과(교과일반),스마트해양・에너지학부,0.74,,
국립목포대,2026,종합,종합(기술인재),농수산식품학부,0.97,,
국립목포대,2026,종합,종합(기술인재),스마트해양・에너지학부,0.08,,
국립목포대,2026,종합,종합(일반전형),스마트모빌리티학부,0.89,,
국립한국교통대,2023,교과,교과(일반전형Ⅱ),건설환경도시교통공학부(야),0.67,,
국립한국교통대,2023,교과,교과(일반전형Ⅱ),기계자동차항공공학부(야),0.33,,
국립한국교통대,2023,교과,교과(일반전형Ⅱ),음악학과,0.8,,
국립한국교통대,2023,교과,교과(일반전형Ⅱ),전기공학과(야),0.33,,
국립한국교통대,2024,교과,교과(일반전형),음악학과,0.5,,
극동대,2023,교과,교과(교과우수),경찰행정학과,0.63,,
극동대,2023,교과,교과(교과우수),친환경에너지공학과,0.17,,
극동대,2023,교과,교과(교과우수),항공모빌리티학과,0.43,,
극동대,2023,교과,교과(교과우수),해킹보안학과,0.89,,
극동대,2023,교과,교과(교과우수),헬리콥터조종학과,0.93,,
극동대,2023,교과,교과(일반학생),경찰행정학과,0.75,,
극동대,2023,교과,교과(일반학생),초등특수교육전공,0.84,,
극동대,2023,교과,교과(일반학생),친환경에너지공학과,0.5,,
극동대,2023,교과,교과(일반학생),항공모빌리티학과,0.24,,
극동대,2023,교과,교과(일반학생),해킹보안학과,0.7,,
극동대,2023,교과,교과(일반학생),헬리콥터조종학과,0.29,,
극동대,2024,교과,교과(교과우수),과학기술학부,0.82,,
극동대,2024,교과,교과(교과우수),인재개발학부,0.22,,
극동대,2024,교과,교과(교과우수),항공모빌리티학과,0.09,,
극동대,2024,교과,교과(교과우수),호텔경영학과,0.81,,
극동대,2024,교과,교과(일반학생),과학기술학부,0.44,,
극동대,2024,교과,교과(일반학생),사회체육학과,0.92,,
극동대,2024,교과,교과(일반학생),인재개발학부,0.39,,
극동대,2024,교과,교과(일반학생),작업치료학과,0.57,,
극동대,2024,교과,교과(일반학생),초등특수교육전공,0.92,,
극동대,2024,교과,교과(일반학생),항공모빌리티학과,0.2,,
극동대,2025,교과,교과(교과우수),AI컴퓨터공학과,0.5,,
극동대,2025,교과,교과(교과우수),K-컬처학부,0.2,,
극동대,2025,교과,교과(교과우수),반도체협약학과,0.4,,
극동대,2025,교과,교과(교과우수),산업보안조사학과,0.33,,
극동대,2025,교과,교과(교과우수),수소안전학과,0.5,,
극동대,2025,교과,교과(교과우수),안경광학과,0.8,,
극동대,2025,교과,교과(교과우수),친환경에너지학과,0.3,,
극동대,2025,교과,교과(교과우수),항공모빌리티학과,0.46,,
극동대,2025,교과,교과(일반학생),항공모빌리티학과,0.33,,
금강대,2024,교과,교과(일반전형),프라마나(仁問과학)학부,0.46,,
김천대,2024,교과,교과(일반면접),산업경영학부산업경영전공,0.9,,
김천대,2024,교과,교과(일반면접),산업경영학부산업안전전공,0.5,,
김천대,2024,교과,교과(일반면접),상담심리학과,0.3,,
김천대,2025,교과,교과(일반면접),경찰소방학과,0.79,,
김천대,2025,교과,교과(일반면접),상담심리학과,0.29,,
김천대,2025,교과,교과(일반면접),생활체육학과,0.56,,
김천대,2026,교과,교과(일반교과),자율전공학부,0.91,,
나사렛대,2023,교과,교과(일반학생),기독교학부,0.9,,
나사렛대,2023,종합,종합(창의융합),기독교학부,0.5,,
나사렛대,2023,종합,종합(창의융합),재활의료공학과,0.5,,
나사렛대,2024,종합,종합(창의융합),기독교학부,0.55,,
나사렛대,2024,종합,종합(창의융합),휴먼재활학부,0.75,,
나사렛대,2025,교과,교과(글로컬지역인재Ⅰ),IT인공지능학부,0.7,,
나사렛대,2025,교과,교과(글로컬지역인재Ⅰ),경영학과,0.8,,
나사렛대,2025,종합,종합(창의융합),글로벌비즈니스학과,0.8,,
나사렛대,2025,종합,종합(창의융합),기독교학부,0.4,,
나사렛대,2025,종합,종합(창의융합),중등특수교육과,0.8,,
대구가톨릭대,2026,교과,교과(가톨릭지도자),컴퓨터소프트웨어학부,0.5,,
대구한의대,2023,교과,교과(면접전형),K-뷰티비즈니스학과,0.8,,
대구한의대,2024,교과,교과(면접전형),K-뷰티비즈니스학과,0.7,,
대구한의대,2024,교과,교과(면접전형),제약공학과,0.8,,
대신대,2025,교과,교과(일반전형),무전공학부,0.9,,
대전가톨릭대,2024,교과,교과(일반전형),신학과,0.12,,
대전가톨릭대,2026,교과,교과(성요셉전형),신학과,0.27,,
대전대,2023,교과,교과(교과면접),핀테크학과,0.85,,
대전신학대,2026,교과,교과(목회자추천),신학과,0.2,,
동국대(W),2023,종합,종합(참사랑),명상심리상담학과,0.7,,
동국대(W),2023,종합,종합(참사랑),영어영문학과,0.9,,
동국대(W),2024,교과,교과(불교추천),불교문화콘텐츠전공,0.9,,
동국대(W),2024,교과,교과(불교추천),불교학전공,0.3,,
동국대(W),2024,교과,교과(불교추천),자유전공학부,0.5,,
동국대(W),2024,교과,교과(불교추천),호텔관광경영학전공,0.5,,
동국대(W),2025,교과,교과(면접전형),국사학과,0.7142857142857143,,
동국대(W),2025,교과,교과(면접전형),정보경영학과,0.8,,
동신대,2023,교과,교과(면접전형),배터리공학과,0.71,,
동신대,2023,교과,교과(면접전형),토목환경공학과,0.9,,
동신대,2023,교과,교과(일반전형),경영학과,0.98,,
동신대,2023,교과,교과(일반전형),중국어학과,0.78,,
동신대,2023,교과,교과(일반전형),한국어교원학과,0.5,,
동신대,2024,교과,교과(일반전형),배터리공학과,0.77,,
동신대,2024,교과,교과(지역인재),바이오화장품학과,0.83,,
동신대,2024,교과,교과(지역인재),안경광학과,0.9,,
동신대,2025,교과,교과(면접전형),소방안전학과,0.75,,
동신대,2025,교과,교과(일반전형),자유전공학부,0.64,,
동양대,2023,교과,교과(일반전형),마트건축공학과,0.97,,
동양대,2023,교과,교과(일반전형),철도건설안전공학과,0.66,,
동양대,2024,교과,교과(일반전형),스마트건축공학과,0.76,,
동양대,2024,교과,교과(일반전형),철도건설안전공학과,0.64,,
동양대,2024,교과,교과(지역인재),디지털콘텐츠학과,0.2,,
동양대,2024,교과,교과(지역인재),스마트기계공학과,0.8,,
동양대,2024,교과,교과(지역인재),철도운전・전기신호학과,0.67,,
동양대,2024,교과,교과(지역인재),철도운전관제학과,0.33,,
동양대,2025,교과,교과(일반전형Ⅰ),스마트건축공학과,0.6,,
동양대,2025,교과,교과(일반전형Ⅰ),스마트기계공학과,0.9,,
동양대,2025,교과,교과(일반전형Ⅰ),철도건설안전공학과,0.7,,
동양대,2025,교과,교과(지역인재),디지털콘텐츠학과,0.8,,
동양대,2025,교과,교과(지역인재),스마트기계공학과,0.2,,
동양대,2026,교과,교과(일반전형Ⅰ),스마트건축공학과,0.9,,
동양대,2026,교과,교과(일반전형Ⅰ),스마트기계공학과,0.8,,
동양대,2026,교과,교과(일반전형Ⅰ),철도건설안전공학과,0.9,,
동양대,2026,교과,교과(지역인재),스마트기계공학과,0.6,,
루터대,2026,교과,교과(지역균형),휴먼케어디자인학부,0.6,,
목원대,2025,교과,교과(교과전형),국악과,0.5,,
상지대,2024,종합,종합(강원인재),경찰법학과,0.67,,
상지대,2024,종합,종합(강원인재),자유전공학부,0.93,,
상지대,2025,종합,종합(강원인재),경영학과,0.7,,
상지대,2026,교과,교과(강원인재),지역혁신행정학과,0.8,,
선문대,2023,교과,교과(일반전형),방송콘텐츠디자인전공,0.93,,
선문대,2024,교과,교과(일반전형),영상예술학과(영상연기트랙),0.83,,
선문대,2026,교과,교과(교과면접),AI모빌리티융합공학과,0.4,,
선문대,2026,교과,교과(교과면접),스마트팩토리융합공학과,0.17,,
세명대,2023,교과,교과(면접우수),스마트IT학부,0.6,,
세명대,2023,교과,교과(면접우수),화장품학과,0.67,,
세명대,2023,교과,교과(면접우수),회계세무금융학과,0.6,,
세한대,2024,교과,교과(일반학생),인공지능빅데이터학과,0.7,,
송원대,2025,교과,교과(학생부우수),건축공학과(야간),0.8,,
송원대,2025,교과,교과(학생부우수),스포츠지도학과(야간),0.7,,
송원대,2026,교과,교과(학생부우수),건축공학과(야간),0.75,,
신경주대,2025,교과,교과(면접전형),말산업학과,0.65,,
신경주대,2025,교과,교과(면접전형),장례문화산업학과,0.87,,
신경주대,2025,교과,교과(면접전형),향장아트학과,0.47,,
신경주대,2025,교과,교과(일반전형),AI전기자동차학과,0.17,,
신경주대,2025,교과,교과(일반전형),관광사업경영학과,0.43,,
신경주대,2025,교과,교과(일반전형),생활체육리더양성학과,0.13,,
신경주대,2025,교과,교과(일반전형),스마트배터리학과,0.09,,
신경주대,2025,교과,교과(일반전형),스마트팜농산업학과,0.17,,
신경주대,2025,교과,교과(일반전형),실감미디어창업학과,0.69,,
신경주대,2025,교과,교과(일반전형),악기제작학과,0.2,,
신경주대,2025,교과,교과(일반전형),재난안전경영학과,0.03,,
신경주대,2025,교과,교과(일반전형),조선플랜트학과,0.1,,
신경주대,2026,교과,교과(면접전형),말산업학과,0.54,,
신경주대,2026,교과,교과(면접전형),사회복지학과,0.67,,
신경주대,2026,교과,교과(면접전형),장례문화산업학과,0.81,,
신경주대,2026,교과,교과(면접전형),치위생학과,0.63,,
신경주대,2026,교과,교과(일반전형),AI융합미디어창업학과,0.08,,
신경주대,2026,교과,교과(일반전형),AI전기자동차학과,0.52,,
신경주대,2026,교과,교과(일반전형),관광사업경영학과,0.5,,
신경주대,2026,교과,교과(일반전형),반려동물학과,0.35,,
신경주대,2026,교과,교과(일반전형),산업안전보건학과,0.09,,
신경주대,2026,교과,교과(일반전형),스마트팜농축산업학과,0.75,,
신경주대,2026,교과,교과(일반전형),스포츠리더양성학과,0.48,,
신경주대,2026,교과,교과(일반전형),악기제작학과,0.08,,
신경주대,2026,교과,교과(지역인재),사회복지학과,0.5,,
아신대,2025,교과,교과(일반전형),기독교교육과 미디어학과,0.62,,
아신대,2026,교과,교과(일반전형),기독교교육과 미디어학과,0.67,,
아신대,2026,교과,교과(일반전형),기독교상담학과,0.47,,
안양대,2024,종합,종합(아리종합Ⅱ),해양바이오공학과,0.75,,
우석대,2023,교과,교과(면접중심),군사안보학과,0.95,,
우석대,2024,교과,교과(면접중심),관광학과,0.8,,
우석대,2024,교과,교과(면접중심),유아특수교육과,0.85,,
우석대,2025,교과,교과(면접중심),유아특수교육과,0.8,,
원광대,2024,종합,종합(학생부종합),원불교학과,0.64,,
원광대,2025,종합,종합(학생부종합),원불교학과,0.46,,
원광대,2026,교과,교과(지역-호남),웰니스케어과,0.8,,
원광대,2026,종합,종합(학생부종합),원불교학과,0.31,,
위덕대,2023,교과,교과(면접전형),사회복지학과,0.6,,
위덕대,2023,교과,교과(일반전형),불교문화학과,0.2,,
위덕대,2024,교과,교과(면접전형),경찰정보보안학과,0.9,,
위덕대,2024,교과,교과(면접전형),지능형전혁시스템공학과,0.9,,
위덕대,2024,교과,교과(일반전형),불교문화학과,0.3,,
위덕대,2025,교과,교과(면접전형),유아교육과,0.7,,
위덕대,2025,교과,교과(면접전형),전력시스템공학과,0.9,,
위덕대,2025,교과,교과(일반전형),불교문화학과,0.4,,
유원대,2024,교과,교과(유원교과),미래라이프융합학부,0.97,,
유원대,2024,교과,교과(유원교과),스마트평생교육학부,0.8,,
유원대,2024,교과,교과(유원교과),초등특수교육과,0.9,,
유원대,2024,교과,교과(유원면접),드론응용학과,0.8,,
유원대,2025,교과,교과(유원면접),드론로봇응용학과,0.9,,
유원대,2025,교과,교과(유원면접),작업치료학과,0.6,,
유원대,2025,교과,교과(유원면접),중등특수교육과,0.6,,
유원대,2025,교과,교과(유원면접),초등특수교육과,0.9,,
인제대,2026,교과,교과(학생부교과),융합기술공학과,0.27,,
인천가톨릭대,2025,교과,교과(대건안드레아),신학과,0.9,,
인천대,2025,종합,종합(자기추천),데이터과학과,0.83,,
전남대(여),2023,종합,종합(고교생활Ⅱ),국제학부(중국학전공),0.87,,
전남대(여),2023,종합,종합(고교생활Ⅱ),냉동공조공학과,0.63,,
전남대(여),2023,종합,종합(고교생활Ⅱ),물류교통학과,0.72,,
전남대(여),2023,종합,종합(고교생활Ⅱ),석유화학소재공학과,0.71,,
전남대(여),2023,종합,종합(고교생활Ⅱ),스마트수산자원관리학과,0.94,,
전남대(여),2023,종합,종합(고교생활Ⅱ),융합생명공학과,0.9,,
전남대(여),2023,종합,종합(고교생활Ⅱ),해양바이오식품학과,0.6,,
전남대(여),2023,종합,종합(고교생활Ⅱ),해양융합과학과,0.64,,
전남대(여),2023,종합,종합(고교생활Ⅱ),헬스케어메디컬공학부,0.72,,
전남대(여),2023,종합,종합(고교생활Ⅱ),환경시스템공학과,0.67,,
전남대(여),2024,종합,종합(고교생활Ⅱ),국제학부(중국학전공),0.8,,
전남대(여),2024,종합,종합(고교생활Ⅱ),기관시스템공학과,0.5,,
전남대(여),2024,종합,종합(고교생활Ⅱ),석유화학소재공학과,0.8,,
전남대(여),2024,종합,종합(고교생활Ⅱ),스마트수산자원관리학과,0.5,,
전남대(여),2024,종합,종합(고교생활Ⅱ),전자통신공학과,0.4,,
전남대(여),2024,종합,종합(고교생활Ⅱ),조선해양공학과,0.4,,
전남대(여),2024,종합,종합(고교생활Ⅱ),해양바이오식품학과,0.5,,
전남대(여),2024,종합,종합(고교생활Ⅱ),해양생산관리학과,0.7,,
전남대(여),2024,종합,종합(고교생활Ⅱ),해양융합과학과,0.7,,
전남대(여),2024,종합,종합(고교생활Ⅱ),헬스케어메디컬공학부,0.6,,
전남대(여),2024,종합,종합(고교생활Ⅱ),환경시스템공학과,0.7,,
전남대(여),2025,종합,종합(고교생활Ⅱ),석유화학소재공학과,0.8,,
전남대(여),2025,종합,종합(고교생활Ⅱ),의공학부,0.7,,
전남대(여),2025,종합,종합(고교생활Ⅱ),조선해양공학과,0.8,,
전남대(여),2026,종합,종합(고교생활Ⅱ),석유화학소재공학과,0.75,,
전남대(여),2026,종합,종합(고교생활Ⅱ),의공학부,0.78,,
전주대,2023,교과,교과(일반학생),신학과경배찬양학과,0.86,,
전주대,2024,종합,종합(일반학생),한문교육과,0.78,,
중원대,2023,교과,교과(일반전형Ⅰ),종교문화학부,0.5,,
중원대,2023,교과,교과(일반전형Ⅱ),보건행정학과,0.44,,
중원대,2023,교과,교과(일반전형Ⅱ),사회복지학과,0.87,,
중원대,2023,교과,교과(지역인재),항공운항학과,0.6,,
중원대,2025,교과,교과(일반전형Ⅱ),바이오산업학과,0.2,,
중원대,2025,교과,교과(일반전형Ⅱ),작업치료학과,0.25,,
중원대,2025,교과,교과(지역인재),보건복지학과,0.67,,
중원대,2025,교과,교과(지역인재),항공운항학과,0.33,,
창신대,2026,교과,교과(창신인재면접),스마트자산경영학과,0.5,,
초당대,2025,교과,교과(일반고),UCC자율전공학부,0.2,,
초당대,2025,교과,교과(일반고),항공모빌리티학과,0.72,,
한라대,2023,종합,종합(서류),신소재화학공학과,0.9,,
한라대,2023,종합,종합(서류),토목공학과,0.8,,
한서대,2023,교과,교과(지역인재),국제관계학과,0.8,,
한서대,2023,교과,교과(지역인재),항공외국어학과,0.8,,
한서대,2023,교과,교과(학생부교과2),문화유산보존학과,0.86,,
한서대,2023,교과,교과(학생부교과2),의료재활학과,0.83,,
한서대,2023,교과,교과(한서인재),국제관계학과,0.62,,
한서대,2023,교과,교과(한서인재),문화유산보존학과,0.82,,
한서대,2023,교과,교과(한서인재),뷰티바이오산업학과,0.6,,
한서대,2023,교과,교과(한서인재),식품공학과,0.4,,
한서대,2023,교과,교과(한서인재),신소재화학공학과,0.75,,
한서대,2023,교과,교과(한서인재),안전보건학과,0.17,,
한서대,2023,교과,교과(한서인재),의료재활학과,0.14,,
한서대,2023,교과,교과(한서인재),항공외국어학과,0.62,,
한서대,2023,교과,교과(한서인재),환경・토목・건축학과,0.58,,
한서대,2024,교과,교과(지역인재),시각디자인학과,0.5,,
한서대,2024,교과,교과(한서인재),공항행정학과,0.83,,
한서대,2024,교과,교과(한서인재),문화유산보존학과,0.88,,
한서대,2024,교과,교과(한서인재),사회복지학과,0.14,,
한서대,2024,교과,교과(한서인재),의료재활학과,0.57,,
한서대,2024,교과,교과(한서인재),환경・토목・건축학과,0.22,,
한서대,2025,교과,교과(지역인재),신소재화학공학과,0.5,,
한서대,2025,교과,교과(지역인재),환경・토목・건축학과,0.5,,
한서대,2025,교과,교과(학생부교과1),AI로보틱스학과,0.79,,
한서대,2025,교과,교과(한서인재),AI모빌리티학과,0.2,,
한서대,2025,교과,교과(한서인재),미디어문예창작학과,0.67,,
한서대,2025,교과,교과(한서인재),작업치료학과,0.9,,
한서대,2025,교과,교과(한서인재),항공AI소프트웨어학과,0.33,,
한서대,2026,교과,교과(충남형계약학과),모빌리티융합디자인학과,0.25,,
한서대,2026,교과,교과(충남형계약학과),첨단항공학과,0.55,,
한서대,2026,교과,교과(충남형계약학과),항공서비스경영학과,0.8,,
한일장신대,2023,교과,교과(일반학생),신학과,0.68,,
한일장신대,2025,교과,교과(일반학생),사회복지학과,0.58,,
한일장신대,2025,교과,교과(일반학생),신학과,0.84,,
한일장신대,2025,교과,교과(일반학생),실용음악학과,0.43,,
한일장신대,2025,교과,교과(일반학생),심리상담학과,0.43,,
호남대,2024,교과,교과(일반고),글로벌한국어교육학과,0.5,,
호서대,2023,교과,교과(지역인재),자동차ICT공학과,0.75,,
호서대,2025,교과,교과(지역인재),지능로봇학과,0.5,,
호서대,2025,종합,종합(호서인재),디지털금융경영학과,0.69,,
호서대,2025,종합,종합(호서인재),전자재료공학과,0.57,,
호서대,2025,종합,종합(호서인재),지능로봇학과,0.9,,
호서대,2026,종합,종합(계약학과),물류유통학과,0.4,,
호서대,2026,종합,종합(계약학과),반도체디스플레이학과,0.9,,
호서대,2026,종합,종합(계약학과),첨단산업AI공학과,0.8,,
호원대,2023,교과,교과(일반전형),사회복지경영학과(야),0.42,,
호원대,2024,교과,교과(지역인재),경영학과,0.5,,
호원대,2024,교과,교과(지역인재),사회복지학과,0.5,,
호원대,2024,교과,교과(지역인재),응급구조학과,0.8,,
동국대(W),2024,종합,종합(불교추천),자유전공학부,0.5,,
중부대,2022,교과,교과(학생부우수),자율설계전공,0.64,,
동명대,2022,교과,교과(면접전형),자율융합공학부,0.67,,
동명대,2022,종합,종합(창의인재),자율융합공학부,0.5,,
경남대,2024,교과,교과(예체능),디자인학과,0.49,,
선문대,2023,교과,교과(일반전형),디자인학부(방송콘텐츠디자인전공),0.93,,
청운대,2023,교과,교과(일반전형),무대미술,0.3,,
청운대,2024,교과,교과(일반전형),뮤직트레이너학과,0.6,,
국립한국교통대,2022,종합,종합(나비인재),음악학과,0.67,,
청운대,2022,종합,종합(청운리더스),패션디자인학과,0.5,,
국립순천대,2023,종합,종합(일반전형),피아노학과,0.67,,
인제대,2022,교과,교과(자기추천),경제통상학과,0.6,,
가톨릭관동대,2022,종합,종합(가톨릭지도자),경찰학부,0.4,,
가톨릭관동대,2024,종합,종합(가톨릭지도자),경찰학부,0.7,,
인제대,2022,교과,교과(자기추천),공공인재학부,0.64,,
청운대,2022,종합,종합(청운리더스),공연기획경영학과,0.67,,
세명대,2022,교과,교과(면접우수),관광경영학과,0.4,,
경주대,2022,교과,교과(일반),관광학부,0.75,,
상지대,2022,교과,교과(교과일반),국제경영학과,0.66,,
상지대,2022,종합,종합(종합일반),국제경영학과,0.79,,
고신대,2022,교과,교과(일반고),국제문화선교학과,0.4,,
아신대,2025,교과,교과(일반전형),기독교교육과,0.62,,
한남대,2022,종합,종합(지역인재),기독교학과,0.75,,
나사렛대,2022,교과,교과(나눔품성),기독교학부,0.74,,
백석대,2022,종합,종합(창의인재),기독교학부,0.65,,
대구한의대,2022,교과,교과(면접전형),노인복지상담학과,0.8,,
경남대,2022,교과,교과(한마인재),무역물류학과,0.8,,
동국대,2025,종합,종합(불교추천),문화유산학과(승려),0.8,,
한서대,2023,교과,교과(한서인재),문화재보존학과,0.82,,
한서대,2023,교과,교과(학생부교과2),문화재보존학과,0.86,,
한서대,2024,교과,교과(한서인재),문화재보존학과,0.88,,
동국대(W),2024,종합,종합(불교추천),불교문화콘텐츠전공,0.9,,
동국대,2025,종합,종합(불교추천),불교학부(승려),0.65,,
동국대(W),2024,종합,종합(불교추천),불교학전공,0.3,,
김천대,2024,교과,교과(일반면접),사회복지상담학부상담심리전공,0.3,,
김천대,2025,교과,교과(일반면접),사회복지상담학부상담심리전공,0.29,,
한서대,2022,교과,교과(한서인재),사회복지학과,0.87,,
경주대,2022,교과,교과(일반),사회복지학과(야간),0.85,,
가톨릭관동대,2022,종합,종합(가톨릭지도자),사회복지학전공,0.6,,
가톨릭관동대,2025,종합,종합(지역),사회복지학전공,0.7,,
한신대,2022,종합,종합(참인재),신학,0.67,,
가톨릭대,2022,종합,종합(가톨릭지도자),신학과,0.4,,
가톨릭대,2022,교과,교과(지역균형),신학과,0.3,,
한일장신대,2022,교과,교과(일반학생),신학과,0.97,,
협성대,2022,교과,교과(학생부교과),신학과,0.95,,
호남신학대,2025,교과,교과(학생부),신학과/목회자추천자,0.52,,
호남신학대,2025,교과,교과(학생부),신학과/평생학습자,0.4,,
전주대,2022,교과,교과(일반학생),신학과경배찬양학과,0.9,,
인제대,2022,교과,교과(자기추천),영어영문학,0.5,,
부산외대,2022,종합,종합(일반고),외교·국제개발학부,0.9,,
원광대,2022,종합,종합(서류),원불교학과,0.73,,
대구가톨릭대,2022,교과,교과(교과전형),유스티노자유대학,0.69,,
대구가톨릭대,2022,교과,교과(지역교과),유스티노자유대학,0.5,,
호남신학대,2025,교과,교과(학생부),일반학생,0.15,,
경남대,2022,교과,교과(한마인재),중국학과,0.6,,
호남신학대,2025,교과,교과(학생부),평생학습자,0.1,,
금강대,2024,교과,교과(일반),프라마나학부,0.46,,
동국대(W),2022,종합,종합(불교추천),항공서비스무역학과,0.8,,
세한대,2022,교과,교과(지역인재),항공서비스학과,0.9,,
청운대,2022,종합,종합(청운리더스),호텔관광경영학부,0.83,,
동국대(W),2024,종합,종합(불교추천),호텔관광경영학전공,0.5,,
동국대(W),2022,종합,종합(불교추천),호텔관광외식경영학부,0.8,,
세명대,2023,교과,교과(면접우수),회계세무학과,0.6,,
광주여대,2022,교과,교과(일반학생Ⅰ),AI미디어콘텐츠학과,0.5,,
청운대,2022,종합,종합(청운리더스),AI운영학과,0.33,,
경남대,2022,교과,교과(한마인재),건설시스템공학과,0.6,,
상지대,2022,종합,종합(종합일반),건설환경공학과,0.71,,
인제대,2022,교과,교과(자기추천),건설환경공학부,0.68,,
동명대,2022,종합,종합(창의인재),기계․로봇공학부,0.83,,
인제대,2022,교과,교과(자기추천),나노융합공학부,0.85,,
인제대,2022,교과,교과(자기추천),미래에너지공학과,0.94,,
대구한의대,2022,교과,교과(면접전형),바이오산업융합학부,0.4,,
한서대,2022,교과,교과(한서인재),바이오식품과학과,0.7,,
세명대,2022,교과,교과(면접우수),바이오제약산업학부,0.8,,
한라대,2022,종합,종합(서류),빅데이터사이언스학과,0.9,,
우석대,2022,교과,교과(면접중심),생명과학과,0.86,,
국립강릉원주대,2022,종합,종합(지역인재서류),세라믹신소재공학과,0.75,,
한남대,2022,종합,종합(한남인재),수학과,0.8,,
신라대,2022,종합,종합(학생부종합),신소재공학과,0.67,,
호서대,2022,종합,종합(호서인재),신소재공학과,0.8,,
한서대,2022,교과,교과(한서인재),안전보건학과,0.87,,
신라대,2022,교과,교과(면접우수자),융합기계공학과,0.3,,
신라대,2022,종합,종합(학생부종합),융합기계공학과,0.33,,
가톨릭관동대,2022,교과,교과(지역인재),의료IT학과,0.6,,
가톨릭관동대,2022,종합,종합(일반전형),의료IT학과,0.7,,
한서대,2022,교과,교과(한서인재),의료복지공학과,0.83,,
신라대,2022,교과,교과(면접우수자),인공지능학과,0.8,,
신라대,2022,종합,종합(학생부종합),인공지능학과,0.5,,
나사렛대,2022,종합,종합(창의융합),재활의료공학과,0.9,,
국립한국교통대,2023,교과,교과(일반전형Ⅱ),전기공학전공(야),0.33,,
신라대,2022,종합,종합(학생부종합),전기전자공학과,0.2,,
한서대,2022,교과,교과(한서인재),전기전자공학과,0.89,,
상지대,2022,교과,교과(지역Ⅰ),전기전자융합공학과,0.78,,
인제대,2022,교과,교과(자기추천),전자IT기계자동차공학부,0.88,,
가톨릭관동대,2022,종합,종합(일반전형),전자공학과,0.8,,
경남대,2022,교과,교과(한마인재),전자공학과,0.88,,
경주대,2022,교과,교과(일반),전통건축학과,0.6,,
대구한의대,2022,교과,교과(면접전형),제약공학과,0.8,,
동명대,2022,종합,종합(창의인재),조선해양공학과,0.75,,
동양대,2022,교과,교과(면접전형),철도차량학과,0.77,,
백석대,2022,교과,교과(백석인재),첨단IT학부,0.99,,
백석대,2022,종합,종합(창의인재),첨단IT학부,0.84,,
극동대,2022,교과,교과(교과우수),친환경에너지공학과,0.3,,
극동대,2022,교과,교과(일반학생),친환경에너지공학과,0.25,,
가톨릭관동대,2022,종합,종합(일반전형),토목공학과,0.6,,
우석대,2022,교과,교과(면접중심),토목재난안전공학과,0.67,,
극동대,2022,교과,교과(교과우수),항공모빌리티학과,0.42,,
극동대,2022,교과,교과(일반학생),항공모빌리티학과,0.5,,
극동대,2022,교과,교과(교과우수),항공안전관리학과,0.6,,
극동대,2022,교과,교과(일반학생),항공안전관리학과,0.4,,
가톨릭관동대,2022,교과,교과(지역인재),항공운항전공,0.7,,
한서대,2022,교과,교과(한서인재),항공인프라시스템학과,0.89,,
극동대,2022,교과,교과(교과우수),해킹보안학과,0.7,,
극동대,2022,교과,교과(일반학생),해킹보안학과,0.9,,
극동대,2022,교과,교과(일반학생),헬리콥터조종학과,0.95,,
인제대,2022,교과,교과(자기추천),헬스케어IT공학과,0.55,,
대구한의대,2022,교과,교과(면접전형),화장품학과,0.8,,
세명대,2022,교과,교과(면접우수),화장품학과,0.6,,
국립군산대,2022,교과,교과(지역인재),화학과,0.8,,
한남대,2022,종합,종합(지역인재),화학과,0.75,,
한서대,2023,교과,교과(한서인재),환경·토목·건축학과,0.58,,
한서대,2024,교과,교과(한서인재),환경·토목·건축학과,0.22,,
한서대,2025,교과,교과(지역인재),환경·토목·건축학과,0.5,,
경상국립대,2022,교과,교과(일반전형),환경산림과학부산림융복합학전공,0.54,,
경상국립대,2023,교과,교과(일반전형),환경산림과학부산림융복합학전공,0.93,,
경남대,2022,교과,교과(한마인재),환경에너지공학과,0.8,,
경주대,2022,교과,교과(일반),환경에너지학과,0.76,,
전북대,2026,실기,실기실적-예체능실기,무용학과(한국무용),0.5,,
전주대,2026,실기,실기/실적(일반학생전형),산업디자인학과,0.8,,
국립목포대,2026,실기,특기자전형,스마트해양·에너지학부(담양),0.075,,
국립목포대,2026,실기,특기자전형,농수산식품학부(담양),0.9743589743589743,,
호남신학대,2026,교과,교과(목회자추천),신학과,0.69,,
호남신학대,2026,교과,교과(일반학생),기독교사회복지상담학과,0.5,,
